<?xml version="1.0" encoding="UTF-8"?>
<fonts>
	<fontset id="default" unicode="true">
		<font>
			<name>20</name>
			<filename>ARIALNB.ttf</filename>
			<size>20</size>
		</font>
		<font>
			<name>30</name>
			<filename>ARIALNB.ttf</filename>
			<size>30</size>
		</font>
		<font>
			<name>40</name>
			<filename>ARIALNB.ttf</filename>
			<size>40</size>
		</font>
		<font>
			<name>50</name>
			<filename>ARIALNB.ttf</filename>
			<size>50</size>
		</font>	
		<font>
			<name>60</name>
			<filename>ARIALNB.ttf</filename>
			<size>60</size>
		</font>
		<font>
			<name>70</name>
			<filename>ARIALNB.ttf</filename>
			<size>70</size>
		</font>
		<font>
			<name>80</name>
			<filename>ARIALNB.ttf</filename>
			<size>80</size>
		</font>
		<font>
			<name>90</name>
			<filename>ARIALNB.ttf</filename>
			<size>90</size>
		</font>
		<font>
			<name>100</name>
			<filename>ARIALNB.ttf</filename>
			<size>100</size>
		</font>
		<font>
			<name>150</name>
			<filename>ARIALNB.ttf</filename>
			<size>150</size>
		</font>
		<font>
			<name>200</name>
			<filename>ARIALNB.ttf</filename>
			<size>200</size>
		</font>
		<font>
			<name>300</name>
			<filename>ARIALNB.ttf</filename>
			<size>300</size>
		</font>
		<font>
			<name>350</name>
			<filename>ARIALNB.ttf</filename>
			<size>350</size>
		</font>
		<font>
			<name>400</name>
			<filename>ARIALNB.ttf</filename>
			<size>400</size>
		</font>
	<!-- Fonts for can bus msg -->
		<font>
			<name>digital_40</name>
			<filename>Digital.ttf</filename>
			<size>40</size>
		</font>
		<font>
			<name>digital_50</name>
			<filename>Digital.ttf</filename>
			<size>50</size>
		</font>
		<font>
			<name>digital_60</name>
			<filename>Digital.ttf</filename>
			<size>60</size>
		</font>
		<font>
			<name>digital_70</name>
			<filename>Digital.ttf</filename>
			<size>70</size>
		</font>
		<font>
			<name>digital_80</name>
			<filename>Digital.ttf</filename>
			<size>80</size>
		</font>
		<font>
			<name>digital_90</name>
			<filename>Digital.ttf</filename>
			<size>90</size>
		</font>
		<font>
			<name>digital_100</name>
			<filename>Digital.ttf</filename>
			<size>100</size>
		</font>
		<font>
			<name>digital_150</name>
			<filename>Digital.ttf</filename>
			<size>150</size>
		</font>
		<font>
			<name>digital_200</name>
			<filename>Digital.ttf</filename>
			<size>200</size>
		</font>
		<font>
			<name>digital_250</name>
			<filename>Digital.ttf</filename>
			<size>250</size>
		</font>
		<font>
			<name>digital_90</name>
			<filename>Digital.ttf</filename>
			<size>90</size>
		</font>
	</fontset>
</fonts>
