<?xml version="1.0" encoding="UTF-8"?>
<includes>
	<description>Bluetooth</description>
	<include name="Bluetooth">
 		<control type="group">
			<visible>Window.IsActive(Home)</visible>
			<left>10</left>
			<top>350</top>
			<control type="image">
				<description>CD Cover</description>
				<left>40</left>
				<top>110</top>
				<width>150</width>
				<height>150</height>
				<aspectratio>keep</aspectratio>
				<texture colordiffuse="white">$INFO[MusicPlayer.Cover]</texture>
				<bordertexture>ThumbBorderGrey.png</bordertexture>
			</control>
			<control type="label">
				<description>Artist BT Info</description>
				<left>200</left>
				<top>110</top>
				<width>1040</width>
				<height>50</height>
				<align>left</align>
				<font>40</font>
				<textcolor>$VAR[TextColorDisable]</textcolor>
				<scroll>true</scroll>
				<label>$INFO[Window(10000).Property(BTartist)]</label>
			</control>
			<control type="label">
				<description>Title BT Info</description>
				<left>200</left>
				<top>160</top>
				<width>1040</width>
				<height>50</height>
				<align>left</align>
				<font>50</font>
				<textcolor>$VAR[TextColorDisable]</textcolor>
				<scroll>true</scroll>
				<label>$INFO[Window(10000).Property(BTtrack)] $INFO[Window(10000).Property(BTtitle)]</label>
			</control>
			<control type="label">
				<description>BT Device</description>
				<left>200</left>
				<top>210</top>
				<width>1040</width>
				<height>50</height>
				<align>left</align>
				<font>40</font>
				<textcolor>$VAR[TextColorDisable]</textcolor>
				<scroll>true</scroll>
				<label>[COLOR=$VAR[TextColorEnable]] $INFO[Window(10000).Property(BTdevice)] [/COLOR]</label>
			</control>
		</control>	

		<control type="group">
			<visible>Window.IsActive(1205)</visible>
			<description>Artist Info</description>
			<control type="group">
				<top>380</top>
				<left>50</left>
				<control type="label">
					<top>40</top>
					<width>1200</width>
					<align>left</align>
					<font>60</font>
					<scroll>true</scroll>
					<textcolor>$VAR[TextColorFocus]</textcolor>
					<label>$INFO[Window(10000).Property(BTartist)]</label>
				</control>
			</control>
			<description>Title Info</description>
			<control type="group">
				<visible>Window.IsActive(1205)</visible>
				<top>470</top>
				<left>50</left>
				<control type="label">
					<top>40</top>
					<width>1200</width>
					<align>left</align>
					<font>60</font>
					<scroll>true</scroll>
					<textcolor>$VAR[TextColorFocus]</textcolor>
					<label>$INFO[Window(10000).Property(BTtitle)]</label>
				</control>
			</control>
			<control type="label">
				<visible>Window.IsActive(1205)</visible>
				<top>620</top>
				<left>50</left>
				<height>70</height>
				<width>1280</width>
				<align>left</align>
				<font>50</font>
				<scroll>true</scroll>
				<label>$INFO[Window(10000).Property(BTdevice)]</label>
			</control>
		</control>
	</include>
</includes>

