<?xml version="1.0" encoding="UTF-8"?>
<window id="10025">
	<defaultcontrol always="true">50</defaultcontrol>
	<!-- <views>50,550,500</views> -->
	<views>50</views>
	<controls>
		<include>background</include>
		<include>videowindow</include>
		<include>FileCountCommons</include>
		<include>PlayerControl</include>
		<include>HomeButtonCommons</include>
		<include>View_50_List</include>
		
		
		<!-- <include>BannerBig</include> -->
<!-- 		<control type="label">
			<description>Window label</description>
			<left>5</left>
			<top>10</top>
			<width>500</width>
			<height>80</height>
			<font>40</font>
			<textcolor>white</textcolor>
			<label>$INFO[Container.FolderPath]</label>
		</control> -->
	</controls>
	
</window>
