<window id="7">
	<defaultcontrol always="true">95</defaultcontrol>
	<backgroundcolor>0</backgroundcolor>
	<controls>
		<include>background</include>
		<include>videowindow</include>
		<include>FrameMax</include>
		<control type="label" id="40">
			<visible>false</visible>
		</control>


		<control type="group">
			<left>110</left>
			<top>100</top>
			<control type="grouplist" id="9000">
				<left>0</left>
				<top>0</top>
				<width>950</width>
				<height>360</height>
				<itemgap>-1</itemgap>
				<onup>9000</onup>
				<ondown>101</ondown>
				<control type="button" id="95">
					<description>Button Summary Values</description>
					<height>52</height>
					<width>250</width>
					<label>$LOCALIZE[20037]</label>
				</control>
				<control type="button" id="94">
					<height>52</height>
					<width>250</width>
					<label>$LOCALIZE[13277]</label>
				</control>
				<control type="button" id="96">
					<description>Button Network</description>
					<height>52</height>
					<width>250</width>
					<label>$LOCALIZE[13279]</label>
				</control>
				<control type="button" id="97">
					<description>Button Video</description>
					<height>52</height>
					<width>250</width>
					<label>$LOCALIZE[13280]</label>
				</control>
				<control type="button" id="98">
					<description>Button Hardware</description>
					<height>52</height>
					<width>250</width>
					<label>$LOCALIZE[13281]</label>
					<ondown>99</ondown>
				</control>
				<control type="button" id="100">
					<width>250</width>
					<height>52</height>
					<label>$LOCALIZE[12389]</label>
					<onup>98</onup>
				</control>
			</control>
			<control type="grouplist">
				<left>260</left>
				<top>0</top>
				<width>760</width>
				<height>550</height>
				<orientation>vertical</orientation>
				<control type="image">
					<width>760</width>
					<height>47</height>
					<visible>!String.IsEmpty(Control.GetLabel(1)) + !Control.IsVisible(30)</visible>
				</control>
				<control type="image">
					<width>760</width>
					<height>47</height>
					<visible>!String.IsEmpty(Control.GetLabel(2)) + !Control.IsVisible(30)</visible>
				</control>
				<control type="image">
					<width>760</width>
					<height>47</height>
					<visible>!String.IsEmpty(Control.GetLabel(3)) + !Control.IsVisible(30)</visible>
				</control>
				<control type="image">
					<width>760</width>
					<height>47</height>
					<visible>!String.IsEmpty(Control.GetLabel(4)) + !Control.IsVisible(30)</visible>
				</control>
				<control type="image">
					<width>760</width>
					<height>47</height>
					<visible>!String.IsEmpty(Control.GetLabel(5)) + !Control.IsVisible(30)</visible>
				</control>
				<control type="image">
					<width>760</width>
					<height>47</height>
					<visible>!String.IsEmpty(Control.GetLabel(7)) + !Control.IsVisible(30)</visible>
				</control>
				<control type="image">
					<width>760</width>
					<height>47</height>
					<visible>!String.IsEmpty(Control.GetLabel(7)) + !Control.IsVisible(30)</visible>
				</control>
				<control type="image">
					<width>760</width>
					<height>47</height>
					<visible>!String.IsEmpty(Control.GetLabel(8)) + !Control.IsVisible(30)</visible>
				</control>
				<control type="image">
					<width>760</width>
					<height>47</height>
					<visible>!String.IsEmpty(Control.GetLabel(9)) + !Control.IsVisible(30)</visible>
				</control>
				<control type="image">
					<width>760</width>
					<height>47</height>
					<visible>!String.IsEmpty(Control.GetLabel(10)) + !Control.IsVisible(30)</visible>
				</control>
				<control type="image">
					<width>760</width>
					<height>47</height>
					<visible>!String.IsEmpty(Control.GetLabel(11)) + !Control.IsVisible(30)</visible>
				</control>

				<control type="image">
					<width>760</width>
					<height>47</height>
					<visible>!String.IsEmpty(Control.GetLabel(12))</visible>
				</control>

			</control>
			<control type="grouplist">
				<left>270</left>
				<top>0</top>
				<width>760</width>
				<height>550</height>
				<orientation>vertical</orientation>
				<control type="label" id="2">
					<description>Label 2</description>
					<width>745</width>
					<height>47</height>
					<align>left</align>
					<aligny>center</aligny>
					<label></label>
					<font>40</font>
					<visible>!String.IsEmpty(Control.GetLabel(2))</visible>
				</control>
				<control type="label" id="3">
					<description>Label 3</description>
					<width>745</width>
					<height>47</height>
					<align>left</align>
					<aligny>center</aligny>
					<label></label>
					<font>40</font>
					<visible>!String.IsEmpty(Control.GetLabel(3))</visible>
				</control>
				<control type="label" id="4">
					<description>Label 4</description>
					<width>745</width>
					<height>47</height>
					<align>left</align>
					<aligny>center</aligny>
					<label></label>
					<font>40</font>
					<visible>!String.IsEmpty(Control.GetLabel(4))</visible>
				</control>
				<control type="label" id="5">
					<description>Label 5</description>
					<width>745</width>
					<height>47</height>
					<align>left</align>
					<aligny>center</aligny>
					<label></label>
					<font>40</font>
					<visible>!String.IsEmpty(Control.GetLabel(5))</visible>
				</control>
				<control type="label" id="6">
					<description>Label 6</description>
					<width>745</width>
					<height>47</height>
					<align>left</align>
					<aligny>center</aligny>
					<label></label>
					<font>40</font>
					<visible>!String.IsEmpty(Control.GetLabel(6))</visible>
				</control>
				<control type="label" id="7">
					<description>Label 7</description>
					<width>745</width>
					<height>47</height>
					<align>left</align>
					<aligny>center</aligny>
					<label></label>
					<font>40</font>
					<visible>!String.IsEmpty(Control.GetLabel(7))</visible>
				</control>
				<control type="label" id="8">
					<description>Label 8</description>
					<width>745</width>
					<height>47</height>
					<align>left</align>
					<aligny>center</aligny>
					<label></label>
					<font>40</font>
					<visible>!String.IsEmpty(Control.GetLabel(8))</visible>
				</control>
				<control type="label" id="9">
					<description>Label 9</description>
					<width>745</width>
					<height>47</height>
					<align>left</align>
					<aligny>center</aligny>
					<label></label>
					<font>40</font>
					<visible>!String.IsEmpty(Control.GetLabel(9))</visible>
				</control>
				<control type="label" id="10">
					<description>Label 10</description>
					<width>745</width>
					<height>47</height>
					<align>left</align>
					<aligny>center</aligny>
					<label></label>
					<font>40</font>
					<visible>!String.IsEmpty(Control.GetLabel(10))</visible>
				</control>
				<control type="label" id="11">
					<description>Label 11</description>
					<width>745</width>
					<height>47</height>
					<align>left</align>
					<aligny>center</aligny>
					<label></label>
					<font>40</font>
					<visible>!String.IsEmpty(Control.GetLabel(11))</visible>
				</control>

				<control type="label" id="12">
					<description>Label 11</description>
					<width>745</width>
					<height>47</height>
					<align>left</align>
					<aligny>center</aligny>
					<label></label>
					<font>40</font>
					<visible>!String.IsEmpty(Control.GetLabel(12))</visible>
				</control>

			</control>
			<control type="group">
				<left>0</left>
				<top>90</top>
				<visible>!Control.IsVisible(30)</visible>
				<control type="label" id="52">
					<description>XBMC BUILD Version</description>
					<left>-100</left>
					<top>-180</top>
					<width>1260</width>
					<label>108</label>
					<align>center</align>
					<textcolor>$VAR[TextColorFocus]</textcolor>
					<shadowcolor>black</shadowcolor>
					<font>40</font>
				</control>
				
				<control type="label">
					<left>-50</left>
					<top>-160</top>
					<width>320</width>
					<height>25</height>
					<label>$INFO[System.AddonTitle(skin.rnsd)]</label>
					<align>left</align>
					<textcolor>$VAR[TextColorEnable]</textcolor>
					<shadowcolor>black</shadowcolor>
					<font>40</font>
				</control>
				<control type="label">
					<left>-50</left>
					<top>10</top>
					<width>320</width>
					<height>25</height>
					<label>$LOCALIZE[24051]</label>
					<align>center</align>
					<textcolor>$VAR[TextColorFocus]</textcolor>
					<shadowcolor>black</shadowcolor>
					<font>40</font>
				</control>
				<control type="image">
					<left>-50</left>
					<top>50</top>
					<width>300</width>
					<height>60</height>
					<texture colordiffuse="66000000" border="5">button_outline_black170.png</texture>
				</control>
				<control type="label">
					<left>-50</left>
					<top>55</top>
					<width>320</width>
					<height>40</height>
					<label>$INFO[System.AddonVersion(skin.rnsd)]</label>
					<align>center</align>
					<textcolor>$VAR[TextColorEnable]</textcolor>
					<shadowcolor>black</shadowcolor>
					<font>40</font>
				</control>
				
				<control type="label">
					<left>-50</left>
					<top>150</top>
					<width>320</width>
					<height>25</height>
					<label>$LOCALIZE[24053]</label>
					<align>center</align>
					<textcolor>$VAR[TextColorFocus]</textcolor>
					<shadowcolor>black</shadowcolor>
					<font>40</font>
				</control>
				<control type="image">
					<left>-50</left>
					<top>190</top>
					<width>300</width>
					<height>60</height>
					<texture colordiffuse="66000000" border="5">button_outline_black170.png</texture>
				</control>
				<control type="label">
					<left>-50</left>
					<top>195</top>
					<width>320</width>
					<height>40</height>
					<align>center</align>
					<textcolor>$VAR[TextColorEnable]</textcolor>
					<shadowcolor>black</shadowcolor>
					<font>40</font>
					<label>$INFO[Window(10000).Property(key)]</label>
				</control>
				
				<control type="label">
					<description>CPU Text</description>
					<left>-50</left>
					<top>270</top>
					<width>320</width>
					<height>25</height>
					<label>$LOCALIZE[13271] $INFO[System.CPUUsage]</label>
					<align>center</align>
					<textcolor>$VAR[TextColorFocus]</textcolor>
					<shadowcolor>black</shadowcolor>
					<font>40</font>
				</control>
				<control type="progress">
					<description>CPU BAR</description>
					<left>-40</left>
					<top>230</top>
					<width>300</width>
					<height>200</height>
					<info>System.CPUUsage</info>
				</control>
				<control type="label">
					<description>Memory Text</description>
					<left>-50</left>
					<top>380</top>
					<width>320</width>
					<height>25</height>
					<label>RAM $INFO[system.memory(used.percent)]</label>
					<align>center</align>
					<textcolor>$VAR[TextColorFocus]</textcolor>
					<shadowcolor>black</shadowcolor>
					<font>40</font>
				</control>
				<control type="progress">
					<description>Memory BAR</description>
					<left>-40</left>
					<top>330</top>
					<width>300</width>
					<height>200</height>
					<info>system.memory(used)</info>
				</control>
			</control>
		</control>

<!-- Privacy Policy -->
		<control type="textbox" id="30">
			<left>70</left>
			<top>150</top>
			<width>1180</width>
			<height>450</height>
			<visible>true</visible>
			<colordiffuse>FFFFFFFF</colordiffuse>
			<font>40</font>
			<textcolor>$VAR[TextColorFocus]</textcolor>
			<pulseonselect></pulseonselect>
			<align>left</align>
			<pagecontrol>60</pagecontrol>
		</control>
		
		
		<control type="grouplist" id="101">
			<left>905</left>
			<top>615</top>
			<width>350</width>
			<height>100</height>
			<itemgap>20</itemgap>
			<scrolltime>150</scrolltime>
			<orientation>horizontal</orientation>
			<align>right</align>
			<onright>-</onright>
			<ondown>-</ondown>
			<onleft>-</onleft>
			<onup>95</onup>
			<control type="group">
				<visible>Player.HasMedia | !Player.HasMedia + !Window.IsActive(Home)</visible>
				<width>100</width>
				<height>100</height>
				<control type="image">
					<visible>Control.HasFocus(104)</visible>
					<left>5</left>
					<top>5</top>
					<width>90</width>
					<height>90</height>
					<aspectratio scalediffuse="true" align="center" aligny="center">stretch</aspectratio>
					<texture colordiffuse="$VAR[ButtonFocus]">subback2.png</texture>
				</control>
				<control type="button" id="104">
					<width>100</width>
					<height>100</height>
					<font></font>
					<texturenofocus colordiffuse="$VAR[ButtonNoFocus]">button_back.png</texturenofocus>
					<texturefocus colordiffuse="$VAR[ButtonNoFocus]">button_back.png</texturefocus>
					<onclick>Back</onclick>
					<onup>50</onup>
					<ondown>10</ondown>
					<onleft>103</onleft>
					<onright>105</onright>
				</control>
			</control>
			<control type="group">
				<width>100</width>
				<height>100</height>
				<control type="image">
					<visible>Control.HasFocus(105)</visible>
					<left>5</left>
					<top>5</top>
					<width>90</width>
					<height>90</height>
					<aspectratio scalediffuse="true" align="center" aligny="center">stretch</aspectratio>
					<texture colordiffuse="$VAR[ButtonFocus]">subback2.png</texture>
				</control>
				<control type="button" id="105">
					<height>100</height>
					<width>100</width>
					<texturenofocus colordiffuse="$VAR[ButtonNoFocus]" border="5">icon_view_w.png</texturenofocus>
					<texturefocus colordiffuse="$VAR[ButtonNoFocus]" border="5">icon_view_w.png</texturefocus>
					<onclick>ActivateWindow(1100)</onclick>
					<onup>50</onup>
					<ondown>10</ondown>
					<onleft>104</onleft>
					<onright>-</onright>
				</control>
			</control>
		</control>

	</controls>
</window>
