﻿<?xml version="1.0" encoding="UTF-8"?>
<!-- Foundation -->
<window>
	<onload condition="Skin.HasSetting(encoder)">SetProperty(encoder,true,10000)</onload>
	<onload condition="!Skin.HasSetting(encoder)">SetProperty(encoder,false,10000)</onload> <!-- on boot false -->
	
	<onload condition="!Skin.HasSetting(keystatus_car)">SetProperty(keystatus_car,true,10000)</onload> <!-- on boot true -->
	<onload condition="Skin.HasSetting(keystatus_car)">SetProperty(keystatus_car,false,10000)</onload>
	
	<onload condition="!Skin.HasSetting(poweroff)">SetProperty(poweroff,true,10000)</onload> <!-- on boot true -->
	<onload condition="Skin.HasSetting(poweroff)">SetProperty(poweroff,false,10000)</onload>
	
	<onload condition="!Skin.HasSetting(rnsdtv)">SetProperty(rnsdtv,true,10000)</onload> <!-- on boot true -->
	<onload condition="Skin.HasSetting(rnsdtv)">SetProperty(rnsdtv,false,10000)</onload>

	<onload condition="!Skin.HasSetting(rnsetv)">SetProperty(rnsetv,true,10000)</onload> <!-- on boot true -->
	<onload condition="Skin.HasSetting(rnsetv)">SetProperty(rnsetv,false,10000)</onload>

	<onload condition="Skin.HasSetting(tftoff)">SetProperty(tftoff,true,10000)</onload>
	<onload condition="!Skin.HasSetting(tftoff)">SetProperty(tftoff,false,10000)</onload> <!-- on boot false -->
	
	<onload condition="Skin.HasSetting(tmc)">SetProperty(tmc,true,10000)</onload> <!-- on boot true -->
	<onload condition="!Skin.HasSetting(tmc)">SetProperty(tmc,false,10000)</onload>
	
	<onload condition="Skin.HasSetting(can_emulation)">SetProperty(can_emulation,true,10000)</onload>
	<onload condition="!Skin.HasSetting(can_emulation)">SetProperty(can_emulation,false,10000)</onload> <!-- on boot false -->
	
	<onload condition="Skin.HasSetting(sendfis)">SetProperty(sendfis,true,10000)</onload>
	<onload condition="!Skin.HasSetting(sendfis)">SetProperty(sendfis,false,10000)</onload> <!-- on boot false -->

	<onload condition="Skin.HasSetting(mfsw_l-r)">SetProperty(mfsw_l-r,true,10000)</onload>
	<onload condition="!Skin.HasSetting(mfsw_l-r)">SetProperty(mfsw_l-r,false,10000)</onload> <!-- on boot false -->

	<onload condition="Skin.HasSetting(mfsw_u-d)">SetProperty(mfsw_u-d,true,10000)</onload>
	<onload condition="!Skin.HasSetting(mfsw_u-d)">SetProperty(mfsw_u-d,false,10000)</onload> <!-- on boot false -->

	<onload>ReplaceWindow(Home)</onload>
	<allowoverlay>yes</allowoverlay>
</window>