<?xml version="1.0" encoding="UTF-8" standalone="yes"?>
<addon id="repository.maltsev_kodi" name="Maltsev Add-on repository" version="3.0.0" provider-name="Maltsev">
	<extension point="xbmc.addon.repository" name="Maltsev Add-on repository">
		<dir minversion="18.0.0" maxversion="18.9.9">
			<info compressed="false">https://raw.githubusercontent.com/maltsevvv/repository-kodi/master/kodi18/addons.xml</info>
			<checksum>https://raw.githubusercontent.com/maltsevvv/repository-kodi/master/kodi18/addons.xml.md5</checksum>
			<datadir zip="true">https://raw.githubusercontent.com/maltsevvv/repository-kodi/master/kodi18/</datadir>
			<hashes>false</hashes>
		</dir>
		<dir minversion="19.0.0" maxversion="19.9.9">
			<info compressed="false">https://raw.githubusercontent.com/maltsevvv/repository-kodi/master/kodi19/addons.xml</info>
			<checksum>https://raw.githubusercontent.com/maltsevvv/repository-kodi/master/kodi19/addons.xml.md5</checksum>
			<datadir zip="true">https://raw.githubusercontent.com/maltsevvv/repository-kodi/master/kodi19/</datadir>
			<hashes>false</hashes>
		</dir>
		<dir minversion="20.0.0" maxversion="20.9.9">
			<info compressed="false">https://raw.githubusercontent.com/maltsevvv/repository-kodi/master/kodi20/addons.xml</info>
			<checksum>https://raw.githubusercontent.com/maltsevvv/repository-kodi/master/kodi20/addons.xml.md5</checksum>
			<datadir zip="true">https://raw.githubusercontent.com/maltsevvv/repository-kodi/master/kodi20/</datadir>
			<hashes>false</hashes>
		</dir>
		<dir minversion="21.0.0" maxversion="21.9.9">
			<info compressed="false">https://raw.githubusercontent.com/maltsevvv/repository-kodi/master/kodi21/addons.xml</info>
			<checksum>https://raw.githubusercontent.com/maltsevvv/repository-kodi/master/kodi21/addons.xml.md5</checksum>
			<datadir zip="true">https://raw.githubusercontent.com/maltsevvv/repository-kodi/master/kodi21/</datadir>
			<hashes>false</hashes>
		</dir>
	</extension>
	<extension point="xbmc.addon.metadata">
		<summary>Repository Kodi for skin audi_rnspi</summary>
		<description lang="en">Install and Update for skin.audi_rnspi. More info https://sites.google.com/view/rnspi/</description>
		<disclaimer lang="en">https://sites.google.com/view/rnspi/</disclaimer>
		<platform>all</platform>
		<website>https://sites.google.com/view/rnspi/</website>
		<assets>
			<icon>icon.png</icon>
		</assets>
	</extension>
</addon>
