<?xml version="1.0" encoding="UTF-8" standalone="yes"?>
<addon id="repository.maltsev_kodi-18" name="repository maltsev kodi 18" version="1.0.0" provider-name="Maltsev">
	<requires>
		<import addon="xbmc.gui" version="5.14.0"/>
	</requires>
	<extension point="xbmc.addon.repository" name="maltsev repository">
		<info compressed="true">https://raw.githubusercontent.com/maltsevvv/repository-kodi/master/kodi18/addons.xml</info>
		<checksum>https://raw.githubusercontent.com/maltsevvv/repository-kodi/master/kodi18/addons.xml.md5</checksum>
		<datadir zip="true">https://raw.githubusercontent.com/maltsevvv/repository-kodi/master/kodi18/</datadir>
	</extension>
	<extension point="xbmc.addon.metadata">
		<summary>Addons for Kodi 18</summary>
		<summary lang="en">Addons for Kodi 18</summary>
		<description>maltsev repository</description>
		<platform>all</platform>
	</extension>
</addon>
