<?xml version="1.0" encoding="UTF-8"?>
<window>
	<animation effect="fade" start="0" end="100" time="150">WindowOpen</animation>
	<animation effect="fade" start="100" end="0" time="150">WindowClose</animation>
	<controls>
		<include>notification</include>
		<control type="image" id="400">
			<description>avatar</description>
			<left>60</left>
			<top>40</top>
			<width>120</width>
			<height>120</height>
			<aspectratio>keep</aspectratio>
		</control>
		<control type="fadelabel" id="401">
			<description>Line 1 Label</description>
			<top>35</top>
		</control>
		<control type="fadelabel" id="402">
			<description>Line 2 Label</description>
			<top>110</top>
		</control>
	</controls>
</window>
