<?xml version="1.0" encoding="UTF-8" standalone="yes"?>
<addon id="repository.maltsev_kodi-19" name="repository maltsev kodi 19" version="1.0.0" provider-name="Maltsev">
	<requires>
		<import addon="xbmc.gui" version="5.15.0"/>
	</requires>
	<extension point="xbmc.addon.repository" name="maltsev repository">
		<info compressed="true">https://raw.githubusercontent.com/maltsevvv/repository-kodi/master/kodi19/addons.xml</info>
		<checksum>https://raw.githubusercontent.com/maltsevvv/repository-kodi/master/kodi19/addons.xml.md5</checksum>
		<datadir zip="true">https://raw.githubusercontent.com/maltsevvv/repository-kodi/master/kodi19/</datadir>
		</extension>
	<extension point="xbmc.addon.metadata">
		<summary>Addons for Kodi 19</summary>
		<summary lang="en">Addons for Kodi 19</summary>
		<description>maltsev repository</description>
		<platform>all</platform>
	</extension>
</addon>
