<?xml version="1.0" encoding="UTF-8" standalone="yes"?>
<addon id="repository.maltsev_kodi-19" name="repository maltsev kodi 19" version="1.0.0" provider-name="Maltsev">
	<requires>
		<import addon="xbmc.gui" version="5.15.0"/>
	</requires>
	<extension point="xbmc.addon.repository" name="Maltsev Add-on repository ">
		<info compressed="true">https://raw.githubusercontent.com/maltsevvv/repository-kodi/master/kodi19/addons.xml</info>
		<checksum>https://raw.githubusercontent.com/maltsevvv/repository-kodi/master/kodi19/addons.xml.md5</checksum>
		<datadir zip="true">https://raw.githubusercontent.com/maltsevvv/repository-kodi/master/kodi19/</datadir>
		</extension>
	<extension point="xbmc.addon.metadata">
		<summary>Addons For Kodi</summary>
		<summary lang="en">Addons For Kodi</summary>
		<description>Maltsev Add-on repository </description>
		<platform>all</platform>
		<website>https://sites.google.com/view/rnspi/</website>
		<assets>
			<icon>icon.png</icon>
		</assets>
	</extension>
</addon>
