<?xml version="1.0" encoding="UTF-8"?>
<window id="10003">
	<defaultcontrol always="true">450</defaultcontrol>
	<allowoverlay>yes</allowoverlay>
	<controls>
		<include>background</include>
		<include>FrameMax</include>
		<control type="list" id="450">
			<pagecontrol>400</pagecontrol>
			<onback>9000</onback>
			<onup>450</onup>
			<ondown>9000</ondown>
			<onleft>-</onleft>
			<onright>400</onright>
		</control>
		<control type="grouplist" id="9000">
			<orientation>horizontal</orientation>
			<onup>450</onup>
			<ondown>450</ondown>
			<control type="button" id="413">
				<description>Ok</description>
				<align>center</align>
				<label>186</label>
			</control>
			<control type="button" id="414">
				<description>Cancel</description>
				<align>center</align>
				<label>222</label>
			</control>
			<control type="button" id="415">
				<description>Create folder</description>
				<align>center</align>
				<label>119</label>
			</control>
		</control>
		<control type="scrollbar" id="400">
			<top>60</top>
			<left>1240</left>
			<width>48</width>
			<height>550</height>
			<texturesliderbackground colordiffuse="BB808080">scrollbarv_bar_bold2.png</texturesliderbackground>
			<texturesliderbar colordiffuse="$VAR[TextColorDisable]">osdsliderbar_square.png</texturesliderbar>
			<texturesliderbarfocus colordiffuse="$VAR[TextColorEnable]">osdsliderbar_square.png</texturesliderbarfocus>
			<textureslidernib colordiffuse="$VAR[TextColorFocus]">osdslidernib_square.png</textureslidernib>
			<textureslidernibfocus colordiffuse="$VAR[TextColorFocus]">osdslidernib_square.png</textureslidernibfocus>
			<onleft>450</onleft>
			<ondown>9000</ondown>
			<onup>400</onup>
			<onright>9000</onright>
			<showonepage>false</showonepage>
			<orientation>vertical</orientation>
		</control>
	</controls>
</window>
