<?xml version="1.0" encoding="UTF-8"?>
<window id="3">
	<defaultcontrol always="true">20</defaultcontrol>
	<allowoverlay>yes</allowoverlay>
	<controls>
		<include>background</include>
		<include>videowindow</include>
		<!-- <include>FileCountCommons</include> -->
		<include>HomeButtonCommons</include>
		<!-- <include>background</include> -->
		<!-- <include>FrameManager</include> -->

		<control type="group">
			<left>10</left>
			<top>0</top>
			<include>FrameManager</include>
			<description>Левая панель</description>
			<control type="list" id="20">
				<animation effect="fade" start="100" end="30" time="500" delay="50" condition="!Control.HasFocus(20)">Conditional</animation>
				<left>5</left>
				<top>20</top>
				<width>600</width>
				<height>580</height>
				<align>top</align>
				<!-- <autoscroll time="3000" delay="4000" repeat="5000">true</autoscroll> -->
				<pagecontrol>17</pagecontrol>
				<onleft>Highlight</onleft>
				<onright>17</onright>
				<onup>20</onup>
				<ondown>20</ondown>
				<itemlayout height="75" width="600">
					<control type="image">
						<width>590</width>
						<height>65</height>
						<texture colordiffuse="$VAR[ButtonNoFocus]">button_base.png</texture>
					</control>
					<control type="label">
						<top>0</top>
						<left>10</left>
						<width>560</width>
						<align>left</align>
						<font>50</font>
						<shadowcolor></shadowcolor>
						<textcolor>$VAR[TextColor]</textcolor>
						<aligny>center</aligny>
						<label>$INFO[ListItem.Label] </label>
					</control>
					<control type="label">
						<left>10</left>
						<top>0</top>
						<width>560</width>
						<align>right</align>
						<font>30</font>
						<shadowcolor></shadowcolor>
						<textcolor>$VAR[TextColor]</textcolor>
						<aligny>center</aligny>
						<info>ListItem.Label2</info>
					</control>
				</itemlayout>
				<focusedlayout height="75" width="600">
					<control type="image">
						<width>590</width>
						<height>65</height>
						<texture colordiffuse="$VAR[ButtonFocus]">button_base.png</texture>
					</control>
					<control type="label">
						<left>10</left>
						<top>0</top>
						<width>560</width>
						<font>50</font>
						<align>left</align>
						<scroll>true</scroll>
						<textcolor>$VAR[TextColorFocus]</textcolor>
						<scrollspeed>30</scrollspeed>
						<label>$INFO[ListItem.Label] </label>
					</control>
					<control type="label">
						<left>10</left>
						<top>0</top>
						<width>560</width>
						<font>30</font>
						<align>right</align> 
						<info>ListItem.Label2</info>
					</control>
				</focusedlayout>
			</control>

			<control type="scrollbar" id="17">
				<top>15</top>
				<left>605</left>
				<width>48</width>
				<height>590</height>
				<texturesliderbackground colordiffuse="BB808080">scrollbarv_bar_bold2.png</texturesliderbackground>
				<texturesliderbar colordiffuse="$VAR[TextColorDisable]">osdsliderbar_square.png</texturesliderbar>
				<texturesliderbarfocus colordiffuse="$VAR[TextColorEnable]">osdsliderbar_square.png</texturesliderbarfocus>
				<textureslidernib colordiffuse="$VAR[TextColorFocus]">osdslidernib_square.png</textureslidernib>
				<textureslidernibfocus colordiffuse="$VAR[TextColorFocus]">osdslidernib_square.png</textureslidernibfocus>
				<onleft>20</onleft>
				<ondown>60</ondown>
				<onup>60</onup>
				<onright>21</onright>
				<showonepage>true</showonepage>
				<orientation>vertical</orientation>
			</control>
		</control>
		<control type="group">
			<top>0</top>
			<left>670</left>
			<include>FrameManager</include>
			<control type="list" id="21">
				<animation effect="fade" start="100" end="30" time="500" delay="50" condition="!Control.HasFocus(21)">Conditional</animation>
				<left>5</left>
				<top>10</top>
				<width>600</width>
				<height>580</height>
				<align>top</align>
				<pagecontrol>60</pagecontrol>
				<onleft>17</onleft>
				<onright>100</onright>
				<onup>21</onup>
				<ondown>21</ondown>
				<itemlayout height="75" width="600">
					<control type="image">
						<width>590</width>
						<height>65</height>
						<texture colordiffuse="$VAR[ButtonNoFocus]">button_base.png</texture>
					</control>
					<control type="label">
						<top>0</top>
						<left>20</left>
						<width>560</width>
						<align>left</align>
						<font>50</font>
						<textcolor>$VAR[TextColor]</textcolor>
						<shadowcolor></shadowcolor>
						<!-- <scroll>true</scroll> -->
						<aligny>center</aligny>
						<label>$INFO[ListItem.Label] </label>
					</control>
					<control type="label">
						<left>20</left>
						<top>0</top>
						<width>560</width>
						<align>right</align>
						<font>30</font>
						<textcolor>$VAR[TextColor]</textcolor>
						<shadowcolor></shadowcolor>
						<aligny>center</aligny>
						<info>ListItem.Label2</info>
					</control>
				</itemlayout>
				<focusedlayout height="75" width="600">
					<control type="image">
						<width>590</width>
						<height>65</height>
						<texture colordiffuse="$VAR[ButtonFocus]">button_base.png</texture>
					</control>
					<control type="label">
						<left>20</left>
						<top>0</top>
						<width>560</width>
						<font>50</font>
						<textcolor>$VAR[TextColorFocus]</textcolor>
						<shadowcolor></shadowcolor>
						<align>left</align>
						<scroll>true</scroll>
						<scrollspeed>30</scrollspeed>
						<label>$INFO[ListItem.Label] </label>
					</control>
					<control type="label">
						<left>20</left>
						<top>0</top>
						<width>560</width>
						<font>30</font>
						<textcolor>$VAR[TextColorFocus]</textcolor>
						<shadowcolor></shadowcolor>
						<align>right</align> 
						<info>ListItem.Label2</info>
					</control>
				</focusedlayout>
			</control>
		</control>
	</controls>

</window>