<?xml version="1.0" encoding="UTF-8"?>
<!-- Maltsev.v.v -->
<window>
	<defaultcontrol always="true">3</defaultcontrol>
	<allowoverlay>yes</allowoverlay>
	<controls>
		<include>background1</include>
		<include>FrameMax</include>
		<control type="grouplist" id="3">
			<description>Верхняя панель категорий</description>
			<left>50</left>
			<top>80</top>
			<width>1180</width>
			<height>65</height>
			<align>center</align>
			<itemgap>45</itemgap>
			<orientation>horizontal</orientation>
			<onup>9001</onup>
			<ondown>5</ondown>
			<onleft></onleft>
			<onright></onright>
		</control>
		<control type="button" id="10">
			<align>center</align>
			<font>40</font>
			<scroll>true</scroll>
		</control>
		
  		<control type="grouplist" id="5">
			<description>Лист</description>
			<left>50</left>
			<top>150</top>
			<width>1180</width>
			<height>420</height>
			<orientation>vertical</orientation>
			<itemgap>5</itemgap>
			<onup>3</onup>
			<ondown>9001</ondown>
			<onleft></onleft>
			<onright>9001</onright>
		</control>
		<control type="button" id="7">
			<description>Default Button</description>
			<font>40</font>
		</control>
		<control type="radiobutton" id="8">
			<description>Default RadioButton</description>
			<font>40</font>
		</control>
		<control type="spincontrolex" id="9">
			<description>Default SpinControlex</description>
			<font>40</font>
		</control>
		<control type="edit" id="12">
			<description>Default Edit</description>
			<font>40</font>
		</control>
		<control type="sliderex" id="13">
			<description>Default Slider</description>
			<font>40</font>
		</control>
		<control type="label" id="14">
			<description>Default Heading</description>
			<width>1280</width>
			<height>65</height>
			<font>40</font>
		</control>

		<control type="grouplist" id="9001">
			<left>50</left>
			<top>650</top>
			<width>1180</width>
			<height>65</height>
			<align>center</align>
			<itemgap>45</itemgap>
			<orientation>horizontal</orientation>
			<onup>5</onup>
			<ondown>3</ondown>
			<control type="button" id="28">
				<description>OK Button</description>
				<align>center</align>
				<font>40</font>
			</control>
			<control type="button" id="29">
				<description>Cancel Button</description>
				<align>center</align>
				<font>40</font>
				<label/>
			</control>
			<control type="button" id="30">
		 		<description>Defaults Button</description>
				<align>center</align>
				<font>40</font>
			</control>
		</control>
	</controls>
</window>
