<?xml version="1.0" encoding="UTF-8"?>
<window>
	<!-- <visible>VideoPlayer.IsFullscreen</visible>
	<visible>Player.Seeking | Player.DisplayAfterSeek | Player.Paused | Player.Forwarding | Player.Rewinding | Player.ShowTime | Player.IsTempo</visible> -->
	<visible>Window.IsActive(fullscreenvideo) | Window.IsActive(visualisation)</visible>
	<visible>![Window.IsActive(sliderdialog) | Window.IsActive(pvrosdchannels) | Window.IsActive(pvrchannelguide) | Window.IsActive(pvrguideinfo) | Window.IsActive(1110)]</visible>
	<visible>Player.Seeking | Player.HasPerformedSeek(3) | [Player.Paused + !Player.Caching] | Player.Forwarding | Player.Rewinding | Player.ShowInfo | Window.IsActive(fullscreeninfo) | Player.ShowTime | Window.IsActive(videoosd) | Window.IsActive(musicosd) | Window.IsActive(playerprocessinfo) | !String.IsEmpty(Player.SeekNumeric) | !String.IsEmpty(PVR.ChannelNumberInput)</visible>

	<animation effect="fade" start="0" end="100" time="150">WindowOpen</animation>
	<animation effect="fade" start="100" end="0" time="150">WindowClose</animation>
	<controls>
		<control type="image">
			<left>-10</left>
			<top>0</top>
			<width>1280</width>
			<height>110</height>
			<texture colordiffuse="CC000000">playercontrols-background.png</texture>
		</control>
		<control type="progress" id="32">
			<description>Progressbar</description>
			<left>0</left>
			<top>40</top>
			<width>1280</width>
			<height>24</height>
			<info>Player.Progress</info>
			<texturebg colordiffuse="$VAR[ProgressOff]" border="5">headerprogressfrontwhite.png</texturebg>
			<midtexture colordiffuse="$VAR[ProgressOn]" border="5">headerprogressfrontwhite.png</midtexture>
		</control>
		<control type="group">
			<left>0</left>
			<top>60</top>
			<control type="label">
				<left>20</left>
				<top>0</top>
				<width>1240</width>
				<height>50</height>
				<font>50</font>
				<align>left</align>
				<label>$INFO[Player.Time(hh:mm:ss)]</label>
			</control>
			<control type="label">
				<left>20</left>
				<top>0</top>
				<width>1240</width>
				<height>50</height>
				<font>50</font>
				<align>right</align>
				<label>$INFO[Player.Duration(hh:mm:ss)]</label>
			</control>
			<control type="label">
				<left>200</left>
				<top>0</top>
				<width>850</width>
				<height>50</height>
				<font>50</font>
				<align>center</align>
				<label>$INFO[VideoPlayer.Title]</label>
			</control>
		</control>
	</controls>
</window>
