<?xml version="1.0" encoding="UTF-8"?>
<colors>
	<color name="Color1">FF000000</color> <!-- Black -->
	<color name="Color2">FFB0C4DE</color> <!-- White -->
	<color name="Color3">FF808080</color> <!-- Grey -->
	<color name="Color4">FFB22222</color> <!-- Red -->
	<color name="Color5">FF990000</color> <!-- Red2 Light-->
	<color name="Color6">FF660000</color> <!-- Red3 Dark-->
	<color name="Color7">FFD15406</color> <!-- Orange-->
	
	<color name="red">FFB22222</color>
	<color name="white">FFB0C4DE</color>
	<color name="gray">FF808080</color>
	<color name="orange">FFD15406</color>
	<color name="green">FF00651D</color>
	<color name="black">FF000000</color> <!-- Black -->
</colors>