<?xml version="1.0" encoding="UTF-8"?>
<window>
	<defaultcontrol always="true">21</defaultcontrol>
	<controls>
		<include>background</include>
		<include>FrameMax</include>
		<control type="label" id="1">
			<description>Заголовок</description>
			<top>50</top>
			<left>0</left>
			<width>1280</width>
			<height>65</height>
			<font>50</font>
			<align>center</align>
			<aligny>center</aligny>
			<wrapmultiline>true</wrapmultiline>
		</control>
		
		<control type="image">
			<left>340</left>
			<top>100</top>
			<width>600</width>
			<height>110</height>
			<aspectratio>stretch</aspectratio>
			<texture colordiffuse="$VAR[ButtonFocus]">button_base.png</texture>
		</control>
		<control type="label" id="4">
			<description>Edit Text</description>
			<left>350</left>
			<top>100</top>
			<width>600</width>
			<height>90</height>
			<font>90</font>
			<textcolor>$VAR[TextColorFocus]</textcolor>
			<selectedcolor>$VAR[TextColorEnable]</selectedcolor>
			<disabledcolor>$VAR[TextColorDisable]</disabledcolor>
			<align>center</align>
		</control>
		<control type="group">
			<left>0</left>
			<top>200</top>
			<height>80</height>
			<width>1280</width>
			<control type="grouplist">
				<top>0</top>
				<left>0</left>
				<height>80</height>
				<width>1280</width>
				<itemgap>5</itemgap>
				<orientation>horizontal</orientation>
				<onright>11</onright>
				<control type="button" id="23">
					<description>Backspace button</description>
					<width>200</width>
					<height>80</height>
					<aspectratio>keep</aspectratio>
					<align>center</align>
					<aligny>center</aligny>
					<font>40</font>
					<texturenofocus colordiffuse="$VAR[ButtonNoFocus]">keyboardeditarea.png</texturenofocus>
					<texturefocus colordiffuse="$VAR[ButtonFocus]">subback2.png</texturefocus>
					<label>BACKSPACE</label>
					<textcolor>$VAR[TextColorFocus]</textcolor>
					<onup>22</onup>
					<ondown>21</ondown>
				</control>
				<control type="button" id="21">
					<description>Done button</description>
					<width>200</width>
					<height>80</height>
					<aspectratio>keep</aspectratio>
					<align>center</align>
					<aligny>center</aligny>
					<font>40</font>
					<texturenofocus colordiffuse="$VAR[ButtonNoFocus]">keyboardeditarea.png</texturenofocus>
					<texturefocus colordiffuse="$VAR[ButtonFocus]">subback2.png</texturefocus>
					<textcolor>$VAR[TextColorFocus]</textcolor>
					<label>20177</label>
					<onup>23</onup>
					<ondown>11</ondown>
				</control>
			</control>
			<!-- 1st row -->
			<control type="grouplist">
				<top>100</top>
				<left>0</left>
				<height>80</height>
				<width>1280</width>
				<itemgap>5</itemgap>
				<orientation>horizontal</orientation>
				<onup>21</onup>
				<ondown>10</ondown>
				<onright>16</onright>
				<onleft>21</onleft>
				<control type="button" id="11">
					<description>1 button</description>
					<width>80</width>
					<height>80</height>
					<aspectratio>keep</aspectratio>
					<align>center</align>
					<aligny>center</aligny>
					<font>80</font>
					<texturenofocus colordiffuse="$VAR[ButtonNoFocus]">keyboardeditarea.png</texturenofocus>
					<texturefocus colordiffuse="$VAR[ButtonFocus]">subback2.png</texturefocus>
					<textcolor>$VAR[TextColorFocus]</textcolor>
					<label>12311</label>
					<onup>21</onup>
					<ondown>16</ondown>
				</control>
				<control type="button" id="12">
					<description>2 button</description>
					<width>80</width>
					<height>80</height>
					<aspectratio>keep</aspectratio>
					<align>center</align>
					<aligny>center</aligny>
					<font>80</font>
					<texturenofocus colordiffuse="$VAR[ButtonNoFocus]">keyboardeditarea.png</texturenofocus>
					<texturefocus colordiffuse="$VAR[ButtonFocus]">subback2.png</texturefocus>
					<textcolor>$VAR[TextColorFocus]</textcolor>
					<label>12312</label>
					<onup>21</onup>
					<ondown>17</ondown>
				</control>
				<control type="button" id="13">
					<description>3 button</description>
					<width>80</width>
					<height>80</height>
					<aspectratio>keep</aspectratio>
					<align>center</align>
					<aligny>center</aligny>
					<font>80</font>
					<texturenofocus colordiffuse="$VAR[ButtonNoFocus]">keyboardeditarea.png</texturenofocus>
					<texturefocus colordiffuse="$VAR[ButtonFocus]">subback2.png</texturefocus>
					<textcolor>$VAR[TextColorFocus]</textcolor>
					<label>12313</label>
					<onup>21</onup>
					<ondown>18</ondown>
				</control>
				<control type="button" id="14">
					<description>4 button</description>
					<width>80</width>
					<height>80</height>
					<aspectratio>keep</aspectratio>
					<align>center</align>
					<aligny>center</aligny>
					<font>80</font>
					<texturenofocus colordiffuse="$VAR[ButtonNoFocus]">keyboardeditarea.png</texturenofocus>
					<texturefocus colordiffuse="$VAR[ButtonFocus]">subback2.png</texturefocus>
					<textcolor>$VAR[TextColorFocus]</textcolor>
					<label>12314</label>
					<onup>21</onup>
					<ondown>19</ondown>
				</control>
				<control type="button" id="15">
					<description>5 button</description>
					<width>80</width>
					<height>80</height>
					<aspectratio>keep</aspectratio>
					<align>center</align>
					<aligny>center</aligny>
					<font>80</font>
					<texturenofocus colordiffuse="$VAR[ButtonNoFocus]">keyboardeditarea.png</texturenofocus>
					<texturefocus colordiffuse="$VAR[ButtonFocus]">subback2.png</texturefocus>
					<textcolor>$VAR[TextColorFocus]</textcolor>
					<label>12315</label>
					<onup>21</onup>
					<ondown>10</ondown>
				</control>
				
			</control>
			<!-- 2st row -->
			<control type="grouplist">
				<top>200</top>
				<left>0</left>
				<height>80</height>
				<width>1280</width>
				<itemgap>5</itemgap>
				<orientation>horizontal</orientation>
				<onright>20</onright>
				<onleft>15</onleft>
				<control type="button" id="16">
					<description>6 button</description>
					<width>80</width>
					<height>80</height>
					<aspectratio>keep</aspectratio>
					<align>center</align>
					<aligny>center</aligny>
					<font>80</font>
					<texturenofocus colordiffuse="$VAR[ButtonNoFocus]">keyboardeditarea.png</texturenofocus>
					<texturefocus colordiffuse="$VAR[ButtonFocus]">subback2.png</texturefocus>
					<textcolor>$VAR[TextColorFocus]</textcolor>
					<label>12316</label>
					<onup>11</onup>
					<onright>17</onright>
					<ondown>20</ondown>
				</control>
				<control type="button" id="17">
					<description>7 button</description>
					<width>80</width>
					<height>80</height>
					<aspectratio>keep</aspectratio>
					<align>center</align>
					<aligny>center</aligny>
					<font>80</font>
					<texturenofocus colordiffuse="$VAR[ButtonNoFocus]">keyboardeditarea.png</texturenofocus>
					<texturefocus colordiffuse="$VAR[ButtonFocus]">subback2.png</texturefocus>
					<textcolor>$VAR[TextColorFocus]</textcolor>
					<label>12317</label>
					<onup>12</onup>
					<ondown>20</ondown>
				</control>
				<control type="button" id="18">
					<description>8 button</description>
					<width>80</width>
					<height>80</height>
					<aspectratio>keep</aspectratio>
					<align>center</align>
					<aligny>center</aligny>
					<font>80</font>
					<texturenofocus colordiffuse="$VAR[ButtonNoFocus]">keyboardeditarea.png</texturenofocus>
					<texturefocus colordiffuse="$VAR[ButtonFocus]">subback2.png</texturefocus>
					<textcolor>$VAR[TextColorFocus]</textcolor>
					<label>12318</label>
					<onup>13</onup>
					<ondown>21</ondown>
				</control>
				<control type="button" id="19">
					<description>9 button</description>
					<width>80</width>
					<height>80</height>
					<aspectratio>keep</aspectratio>
					<align>center</align>
					<aligny>center</aligny>
					<font>80</font>
					<texturenofocus colordiffuse="$VAR[ButtonNoFocus]">keyboardeditarea.png</texturenofocus>
					<texturefocus colordiffuse="$VAR[ButtonFocus]">subback2.png</texturefocus>
					<textcolor>$VAR[TextColorFocus]</textcolor>
					<label>12319</label>
					<onup>14</onup>
					<ondown>21</ondown>
				</control>
				<control type="button" id="10">
					<description>0 button</description>
					<width>80</width>
					<height>80</height>
					<aspectratio>keep</aspectratio>
					<align>center</align>
					<aligny>center</aligny>
					<font>80</font>
					<texturenofocus colordiffuse="$VAR[ButtonNoFocus]">keyboardeditarea.png</texturenofocus>
					<texturefocus colordiffuse="$VAR[ButtonFocus]">subback2.png</texturefocus>
					<textcolor>$VAR[TextColorFocus]</textcolor>
					<label>12310</label>
					<onup>15</onup>
					<ondown>22</ondown>
					<onright>20</onright>
				</control>
			</control>
			<!-- 3rd row -->
			<control type="grouplist">
				<top>300</top>
				<left>0</left>
				<height>80</height>
				<width>1280</width>
				<itemgap>5</itemgap>
				<onright>20</onright>
				<onleft>10</onleft>
				<onright>23</onright>
				<control type="button" id="20">
					<description>prev button</description>
					<width>80</width>
					<height>80</height>
					<aspectratio>keep</aspectratio>
					<align>center</align>
					<aligny>center</aligny>
					<font>80</font>
					<texturenofocus colordiffuse="$VAR[ButtonNoFocus]">keyboardeditarea.png</texturenofocus>
					<texturefocus colordiffuse="$VAR[ButtonFocus]">subback2.png</texturefocus>
					<textcolor>$VAR[TextColorFocus]</textcolor>
					<label>&lt;</label>
					<onup>17</onup>
					<ondown>23</ondown>
					<onleft>10</onleft>
					<onright>22</onright>
				</control>
				
				<control type="button" id="22">
					<description>next button</description>
					<width>80</width>
					<height>80</height>
					<aspectratio>keep</aspectratio>
					<align>center</align>
					<aligny>center</aligny>
					<font>80</font>
					<texturenofocus colordiffuse="$VAR[ButtonNoFocus]">keyboardeditarea.png</texturenofocus>
					<texturefocus colordiffuse="$VAR[ButtonFocus]">subback2.png</texturefocus>
					<textcolor>$VAR[TextColorFocus]</textcolor>
					<label>&gt;</label>
					<onup>18</onup>
					<ondown>21</ondown>
					<onright>23</onright>
					<onleft>20</onleft>
				</control>
			</control>
		</control>
	</controls>
</window>
