<?xml version="1.0" encoding="UTF-8"?>
<window>
	<defaultcontrol>10</defaultcontrol>
	<!-- <onload>Control.SetFocus(10)</onload> -->
	<controls>
		<include>background</include>
		<include>videowindow</include>
		<include>HomeButtonCommons</include>
		<include>FrameMax</include>
	
		<control type="label" id="2">
			<description>Добавить видеоисточник</description>
			<left>0</left>
			<top>10</top>
			<width>1280</width>
			<height>40</height>
			<align>center</align>
			<textcolor>$VAR[TextColorDisable]</textcolor>
			<label>$LOCALIZE[13406]</label>
		</control>
		<control type="label">
			<description>path label</description>
			<left>0</left>
			<top>120</top>
			<width>1280</width>
			<height>40</height>
			<font>40</font>
			<align>center</align>
			<textcolor>$VAR[TextColorDisable]</textcolor>
			<label>$LOCALIZE[1021]</label>
		</control>
		<control type="list" id="10">
			<top>200</top>
			<left>50</left>
			<width>1180</width>
			<height>100</height>
			<!-- <align>top</align> -->
			<itemgap>10</itemgap>
			<pagecontrol>-</pagecontrol>
			<onleft>-</onleft>
			<onright>-</onright>
			<onup>-</onup>
			<ondown>9000</ondown>
			<scrolltime>200</scrolltime>
			<itemlayout height="75">
				<control type="image">
					<width>1180</width>
					<height>65</height>
					<texture colordiffuse="$VAR[ButtonNoFocus]">button_base.png</texture>
				</control>
				<control type="label">
					<top>0</top>
					<left>0</left>
					<width>1180</width>
					<font>50</font>
					<align>left</align>
					<textcolor>$VAR[TextColorFocus]</textcolor>
					<selectedcolor>$VAR[TextColorSelect]</selectedcolor>
					<label>   $INFO[ListItem.Label]</label>
				</control>
			</itemlayout>
			<focusedlayout height="75">
				<control type="image">
					<width>1180</width>
					<height>65</height>
					<texture colordiffuse="$VAR[ButtonFocus]">button_base.png</texture>
				</control>
				<control type="label">
					<left>50</left>
					<top>0</top>
					<width>1180</width>
					<font>50</font>
					<align>left</align>
					<textcolor>$VAR[TextColorFocus]</textcolor>
					<selectedcolor>$VAR[TextColorSelect]</selectedcolor>
					<label>$INFO[ListItem.Label]</label>
				</control>
			</focusedlayout>
		</control>

		<control type="grouplist" id="9000">
			<top>290</top>
			<left>100</left>
			<width>1080</width>
			<height>100</height>
			<itemgap>10</itemgap>
			<orientation>horizontal</orientation>
			<onup>10</onup>
			<ondown>12</ondown>
			<onleft>9000</onleft>
			<onright>9000</onright>
			<control type="button" id="11">
				<description>Browse Button</description>
				<label>1024</label>
				<onleft>10</onleft>
			</control>
			<control type="button" id="13">
				<description>Add Path Button</description>
				<label>15019</label> 
				<onleft>10</onleft>
				<onright>14</onright>
			</control>
			<control type="button" id="14">
				<description>Remove Path Button</description>
				<label>1210</label>
				<onright>19</onright>
				<onleft>10</onleft>
			</control>
		</control>
		<control type="label">
			<description>Name label</description>
			<posx>50</posx>
			<posy>400</posy>
			<width>1180</width>
			<height>40</height>
			<align>center</align>
			<font>40</font>
			<textcolor>$VAR[TextColorDisable]</textcolor>
			<label>1022</label>
		</control>
		<control type="edit" id="12">
			<description>Кнопка Ввода текста</description>
			<top>450</top>
			<left>100</left>
			<width>1080</width>
			<!-- <height>100</height> -->
			<textcolor>$VAR[TextColor]</textcolor>
			<selectedcolor>$VAR[TextColorEnable]</selectedcolor>
			<disabledcolor>$VAR[TextColorDisable]</disabledcolor>
			<left>60</left>
			<aligny>center</aligny>
			<font>50</font>
			<onup>9000</onup>
			<ondown>9001</ondown>
		</control>
		<control type="grouplist" id="9001">
			<left>50</left>
			<top>580</top>
			<width>1180</width>
			<align>center</align>
			<itemgap>45</itemgap>
			<onup>12</onup>
			<ondown>100</ondown>
			<onleft></onleft>
			<onright></onright>
			<orientation>horizontal</orientation>
			<control type="button" id="18">
				<description>Ok Button</description>
				<align>center</align>
				<label>186</label>
			</control>
			<control type="button" id="19">
				<description>Cancel Button</description>
				<align>center</align>
				<label>222</label>
			</control>
		</control>
	</controls>
</window>
