<?xml version="1.0" encoding="UTF-8"?>
<window>
	<defaultcontrol>10</defaultcontrol>
	<controls>
		<include>background</include>
		<include>framemax</include>
		<control type="label">
			<description>home</description>
			<left>45</left>
			<top>85</top>
			<font>50</font>
			<width>450</width>
			<align>center</align>
			<scroll>yes</scroll>
			<font>40</font>
			<label>$LOCALIZE[513]</label>
			<textcolor>$VAR[CustomTextColor]</textcolor>
		</control>
		<control type="image">
			<visible>![Skin.HasSetting(horizontal)]</visible>
			<left>550</left>
			<top>-300</top>
			<width>400</width>
			<aspectratio>keep</aspectratio>
			<texture>special://skin/resources/screenshot-01.png</texture>
		</control>
		<control type="image">
			<visible>[Skin.HasSetting(horizontal)]</visible>
			<left>550</left>
			<top>-300</top>
			<width>400</width>
			<aspectratio>keep</aspectratio>
			<texture>special://skin/resources/screenshot-02.png</texture>
		</control>
		<control type="grouplist"id="10">
			<top>170</top>
			<left>57</left>
			<width>480</width>
			<height>520</height>
			<itemgap>10</itemgap>
			<orientation>vertical</orientation>
			<align>top</align>
			<control type="radiobutton" id="21">
				<description>horizontal menu</description>
				<width>480</width>
				<align>left</align>
				<radioposx>410</radioposx>
				<textwidth>400</textwidth>
				<label>$LOCALIZE[40030]</label>
				<onclick>Skin.ToggleSetting(horizontal)</onclick>
				<selected>Skin.HasSetting(horizontal)</selected>
				<onclick condition="!Skin.HasSetting(horizontal)">SetProperty(horizontal,true,10000)</onclick>
				<onclick condition="Skin.HasSetting(horizontal)">SetProperty(horizontal,false,10000)</onclick>
				<onleft>11</onleft>
				<onright>-</onright>
			</control>
			<control type="label" id="22">
				<description>home</description>
				<left>45</left>
				<top>85</top>
				<font>50</font>
				<width>500</width>
				<align>center</align>
				<scroll>yes</scroll>
				<font>40</font>
				<label>$LOCALIZE[20411]</label>
				<textcolor>$VAR[CustomTextColor]</textcolor>
			</control>
			<control type="radiobutton" id="11">
				<description>radio</description>
				<top>80</top>
				<width>480</width>
				<align>left</align>
				<radioposx>410</radioposx>
				<textwidth>400</textwidth>
				<label>$LOCALIZE[19021]</label>
				<onclick>Skin.ToggleSetting(radio)</onclick>
				<selected>Skin.HasSetting(radio)</selected>
				<onclick condition="!Skin.HasSetting(radio)">SetProperty(radio,true,10000)</onclick>
				<onclick condition="Skin.HasSetting(radio)">SetProperty(radio,false,10000)</onclick>
			</control>
			<control type="radiobutton" id="12">
				<description>tv</description>
				<top>80</top>
				<width>480</width>
				<align>left</align>
				<radioposx>410</radioposx>
				<textwidth>400</textwidth>
				<label>$LOCALIZE[19020]</label>
				<onclick>Skin.ToggleSetting(tv)</onclick>
				<selected>Skin.HasSetting(tv)</selected>
				<onclick condition="!Skin.HasSetting(tv)">SetProperty(tv,true,10000)</onclick>
				<onclick condition="Skin.HasSetting(tv)">SetProperty(tv,false,10000)</onclick>
			</control>
			<control type="radiobutton" id="13">
				<description>programs</description>
				<top>80</top>
				<width>480</width>
				<align>left</align>
				<radioposx>410</radioposx>
				<textwidth>400</textwidth>
				<label>$LOCALIZE[0]</label>
				<onclick>Skin.ToggleSetting(programs)</onclick>
				<selected>Skin.HasSetting(programs)</selected>
				<onclick condition="!Skin.HasSetting(programs)">SetProperty(programs,true,10000)</onclick>
				<onclick condition="Skin.HasSetting(programs)">SetProperty(programs,false,10000)</onclick>
			</control>

		</control>
	</controls>
</window>
