<?xml version="1.0" encoding="UTF-8"?>
<window>
	<defaultcontrol always="true">204</defaultcontrol>
	<!-- <visible>Player.HasMedia + Window.IsActive(FullscreenVideo) + !Window.IsActive(Visualisation)</visible> -->

	<animation effect="fade" start="0" end="100" time="150">WindowOpen</animation>
	<animation effect="fade" start="100" end="0" time="150">WindowClose</animation>
	<allowoverlay>yes</allowoverlay>
	<controls>
		<include>PlayerControl</include>
		<include>HomeButtonCommons</include>
		
<!-- 		<control type="image">
			<left>0</left>
			<top>0</top>
			<width>1280</width>
			<height>110</height>
			<texture colordiffuse="CC000000">playercontrols-background.png</texture>
		</control>	 -->
		<!-- <control type="progress" id="100">
			<description>Progressbar</description>
			<left>0</left>
			<top>40</top>
			<width>1280</width>
			<height>24</height>
			<info>Player.Progress</info>
			<texturebg colordiffuse="$VAR[ProgressOff]" border="5">headerprogressfrontwhite.png</texturebg>
			<midtexture colordiffuse="$VAR[ProgressOn]" border="5">headerprogressfrontwhite.png</midtexture>
		</control> -->

		<control type="button" id="200">
			<left>0</left>
			<top>250</top>
			<width>200</width>
			<height>200</height>
			<font/>
			<texturefocus colordiffuse="$VAR[ButtonFocus]">button_left_touch.png</texturefocus>
			<texturenofocus colordiffuse="$VAR[ButtonNoFocus]">button_left_touch.png</texturenofocus>
			<onclick>PlayerControl(BigSkipBackward)</onclick>
		</control>
		<control type="button" id="200">
			<left>1080</left>
			<top>250</top>
			<width>200</width>
			<height>200</height>
			<font/>
			<texturefocus colordiffuse="$VAR[ButtonFocus]">button_right_touch.png</texturefocus>
			<texturenofocus colordiffuse="$VAR[ButtonNoFocus]">button_right_touch.png</texturenofocus>
			<onclick>PlayerControl(BigSkipForward)</onclick>
		</control>
		
	<!-- 	<control type="group">
			<left>0</left>
			<top>60</top>
			<control type="label">
				<left>20</left>
				<top>0</top>
				<width>1240</width>
				<height>50</height>
				<font>50</font>
				<align>left</align>
				<label>$INFO[Player.Time(hh:mm:ss)]</label>
			</control>
			<control type="label">
				<left>20</left>
				<top>0</top>
				<width>1240</width>
				<height>50</height>
				<font>50</font>
				<align>right</align>
				<label>$INFO[Player.Duration(hh:mm:ss)]</label>
			</control>
			<control type="label">
				<left>20</left>
				<top>0</top>
				<width>1240</width>
				<height>50</height>
				<font>50</font>
				<align>center</align>
				<label>$INFO[VideoPlayer.Title]</label>
			</control>
		</control> -->
	</controls>
</window>

